{
  "x": [
    [10, 13],
    [21, 38],
    [11, 3],
    [26, 16],
    [28, 19],
    [18, 8],
    [30, 18],
    [29, 34],
    [10, 16],
    [31, 21],
    [25, 8],
    [9, 10],
    [19, 23],
    [11, 8],
    [15, 47],
    [8, 11],
    [19, 8],
    [31, 18],
    [19, 45],
    [28, 14],
    [15, 50],
    [30, 16],
    [7, 19],
    [22, 45],
    [17, 46],
    [7, 12],
    [28, 31],
    [10, 7],
    [21, 35],
    [23, 16],
    [22, 43],
    [30, 24],
    [15, 18],
    [30, 17],
    [21, 8],
    [15, 48],
    [18, 30],
    [17, 34],
    [20, 13],
    [20, 37],
    [26, 13],
    [17, 45],
    [6, 6],
    [12, 12],
    [25, 22],
    [17, 27],
    [23, 5],
    [26, 22],
    [17, 36],
    [26, 54],
    [28, 21],
    [23, 11],
    [20, 52],
    [20, 5],
    [9, 2],
    [25, 10],
    [24, 24],
    [15, 36],
    [10, 8],
    [18, 36],
    [22, 54],
    [27, 42],
    [20, 28],
    [9, 17],
    [14, 13],
    [13, 23],
    [28, 13],
    [20, 17],
    [23, 31],
    [19, 31],
    [1, 5],
    [21, 12],
    [10, 18],
    [16, 39],
    [16, 45],
    [20, 43],
    [24, 43],
    [9, 12],
    [19, 16],
    [18, 34],
    [22, 27],
    [14, 26],
    [13, 19],
    [12, 3],
    [12, 8],
    [11, 7],
    [24, 29],
    [12, 19],
    [15, 3],
    [8, 2],
    [20, 22],
    [9, 15],
    [22, 4],
    [20, 33],
    [28, 25],
    [23, 18],
    [19, 52],
    [14, 9],
    [5, 5],
    [33, 19]
  ],
  "y": [143, 17, 26, 80, 18, 1180, 86, 0, 97, 7, 644, 251, 74, 96, 25, 953, 157, 11, 1, 19, 5, 66, 18, 2, 5, 34, 3, 94, 28, 9, 3, 0, 36, 24, 51, 0, 767, 119, 23, 11, 29, 2, 7, 157, 42, 37, 168, 3, 35, 0, 9, 105, 0, 162, 9, 8, 2, 24, 83, 6, 0, 0, 8, 29, 50, 42, 87, 72, 4, 62, 3, 16, 28, 7, 4, 18, 0, 48, 133, 27, 10, 7, 44, 73, 79, 205, 50, 168, 223, 0, 21, 29, 0, 11, 125, 20, 0, 307, 6, 3],
  "rho_location_prior": 2.42393,
  "ye": [141.22714, 11.884295, 37.982352, 58.961962, 13.404621, 1161.4218, 58.002137, 0.069865516, 123.58541, 5.5249527, 619.22109, 244.29468, 67.195246, 79.091398, 18.805409, 1025.0153, 184.107, 14.523847, 2.1390241, 23.247488, 2.5544882, 49.314788, 22.515207, 1.7400984, 5.5257424, 32.635018, 7.3253572, 87.4316, 25.727677, 16.991068, 1.6712497, 0.053246837, 39.344009, 19.906749, 53.218416, 0.28000834, 737.71698, 104.95783, 25.374879, 7.6661352, 24.500563, 0.39171756, 7.7440359, 190.74998, 27.118575, 44.131476, 142.74963, 5.8747409, 38.29627, 0.037911704, 9.1633943, 92.549959, 0.2057354, 143.48816, 7.7934308, 6.3773366, 1.7897547, 21.375488, 80.619066, 3.0043434, 0.2756354, 1.3362144, 5.2937605, 57.198501, 68.529954, 56.439326, 73.13714, 49.554048, 2.5573847, 57.967788, 7.0898599, 17.426813, 57.650262, 4.0464199, 2.162349, 8.2614538, 2.7627489, 52.176951, 113.5866, 23.898271, 5.7561348, 8.5315266, 39.67347, 78.163638, 74.322633, 223.84957, 31.360225, 169.90848, 258.62518, 0.0135727, 14.474697, 29.218903, 0.053243063, 8.3542272, 92.574856, 27.919869, 0.5386798, 311.59822, 5.7880622, 3.1878836],
  "alpha_scale_prior": 10,
  "rho_scale_prior": 14.8171,
  "n_coordinates": 2,
  "n_obs": 100,
  "alpha_location_prior": 10
}
